<?xml version="1.0" encoding="utf-8" ?>
<Defs>

	<ThoughtDef>
		<defName>SharedSecret</defName>
		<thoughtClass>Thought_MemorySocial</thoughtClass>
		<durationDays>10</durationDays>
		<stackLimit>300</stackLimit>
		<stackLimitForSameOtherPawn>10</stackLimitForSameOtherPawn>
		<stackedEffectMultiplier>0.88</stackedEffectMultiplier>
		<nullifyingTraits>
			<li>Psychopath</li>
		</nullifyingTraits>
		<stages>
			<li>
				<label>shared secret</label>
				<baseOpinionOffset>10</baseOpinionOffset>
			</li>
		</stages>
	</ThoughtDef>

	<ThoughtDef>
		<defName>ReceivedSecret</defName>
		<thoughtClass>Thought_MemorySocial</thoughtClass>
		<durationDays>10</durationDays>
		<stackLimit>300</stackLimit>
		<stackLimitForSameOtherPawn>10</stackLimitForSameOtherPawn>
		<stackedEffectMultiplier>0.88</stackedEffectMultiplier>
		<nullifyingTraits>
			<li>Psychopath</li>
		</nullifyingTraits>
		<stages>
			<li>
				<label>received secret</label>
				<baseOpinionOffset>5</baseOpinionOffset>
			</li>
		</stages>
	</ThoughtDef>

	<ThoughtDef>
		<defName>MySecretWasRevealed</defName>
		<thoughtClass>Thought_MemorySocial</thoughtClass>
		<durationDays>10</durationDays>
		<stackLimit>300</stackLimit>
		<stackLimitForSameOtherPawn>10</stackLimitForSameOtherPawn>
		<stackedEffectMultiplier>0.7</stackedEffectMultiplier>
		<stages>
			<li>
				<label>{0} revealed my secret.</label>
				<baseOpinionOffset>-15</baseOpinionOffset>
			</li>
		</stages>
		<thoughtToMake>MySecretWasRevealedMood</thoughtToMake>
	</ThoughtDef>

	<ThoughtDef>
		<defName>MySecretWasRevealedMood</defName>
		<durationDays>1.5</durationDays>
		<stackLimit>5</stackLimit>
		<stackedEffectMultiplier>0.9</stackedEffectMultiplier>
		<stages>
			<li>
				<label>{0} revealed my secret!</label>
				<description>I'm mortified! How will I face the others?</description>
				<baseMoodEffect>-5</baseMoodEffect>
			</li>
		</stages>
	</ThoughtDef>

	<ThoughtDef>
		<defName>ILied</defName>
		<thoughtClass>Thought_MemorySocial</thoughtClass>
		<durationDays>1</durationDays>
		<stackLimit>300</stackLimit>
		<stackLimitForSameOtherPawn>10</stackLimitForSameOtherPawn>
		<stackedEffectMultiplier>0.2</stackedEffectMultiplier>
		<stages>
			<li>
				<label>i lied.</label>
				<baseOpinionOffset>-5</baseOpinionOffset>
			</li>
		</stages>
		<thoughtToMake>ILiedMood</thoughtToMake>
	</ThoughtDef>

	<ThoughtDef>
		<defName>ILiedMood</defName>
		<durationDays>1.5</durationDays>
		<stackLimit>5</stackLimit>
		<stackedEffectMultiplier>0.9</stackedEffectMultiplier>
		<stages>
			<li>
				<label>told lies.</label>
				<description>I spread gossip I couldn't verify. I'm a terrible person!</description>
				<baseMoodEffect>-5</baseMoodEffect>
			</li>
		</stages>
	</ThoughtDef>

	<ThoughtDef>
		<defName>HeardGreatThings</defName>
		<thoughtClass>Thought_MemorySocial</thoughtClass>
		<durationDays>5</durationDays>
		<stackLimit>300</stackLimit>
		<stackLimitForSameOtherPawn>10</stackLimitForSameOtherPawn>
		<stackedEffectMultiplier>0.7</stackedEffectMultiplier>
		<stages>
			<li>
				<label>heard great things about {0}.</label>
				<baseOpinionOffset>+5</baseOpinionOffset>
			</li>
		</stages>
	</ThoughtDef>

	<ThoughtDef>
		<defName>HeardGoodThings</defName>
		<thoughtClass>Thought_MemorySocial</thoughtClass>
		<durationDays>5</durationDays>
		<stackLimit>300</stackLimit>
		<stackLimitForSameOtherPawn>10</stackLimitForSameOtherPawn>
		<stackedEffectMultiplier>0.7</stackedEffectMultiplier>
		<stages>
			<li>
				<label>heard good things about {0}.</label>
				<baseOpinionOffset>+3</baseOpinionOffset>
			</li>
		</stages>
	</ThoughtDef>

	<ThoughtDef>
		<defName>HeardBadThings</defName>
		<thoughtClass>Thought_MemorySocial</thoughtClass>
		<durationDays>5</durationDays>
		<stackLimit>300</stackLimit>
		<stackLimitForSameOtherPawn>10</stackLimitForSameOtherPawn>
		<stackedEffectMultiplier>0.7</stackedEffectMultiplier>
		<stages>
			<li>
				<label>heard unpleasant things about {0}.</label>
				<baseOpinionOffset>-2</baseOpinionOffset>
			</li>
		</stages>
	</ThoughtDef>

	<ThoughtDef>
		<defName>HeardAwfulThings</defName>
		<thoughtClass>Thought_MemorySocial</thoughtClass>
		<durationDays>5</durationDays>
		<stackLimit>300</stackLimit>
		<stackLimitForSameOtherPawn>10</stackLimitForSameOtherPawn>
		<stackedEffectMultiplier>0.7</stackedEffectMultiplier>
		<stages>
			<li>
				<label>heard terrible things about {0}.</label>
				<baseOpinionOffset>-5</baseOpinionOffset>
			</li>
		</stages>
	</ThoughtDef>

	<ThoughtDef>
		<defName>LiedTo</defName>
		<thoughtClass>Thought_MemorySocial</thoughtClass>
		<durationDays>5</durationDays>
		<stackLimit>300</stackLimit>
		<stackLimitForSameOtherPawn>10</stackLimitForSameOtherPawn>
		<stackedEffectMultiplier>0.7</stackedEffectMultiplier>
		<stages>
			<li>
				<label>lied to by {0}.</label>
				<baseOpinionOffset>-3</baseOpinionOffset>
			</li>
		</stages>
	</ThoughtDef>

	<ThoughtDef>
		<defName>ApologizedTo</defName>
		<thoughtClass>Thought_MemorySocial</thoughtClass>
		<durationDays>5</durationDays>
		<stackLimit>300</stackLimit>
		<stackLimitForSameOtherPawn>10</stackLimitForSameOtherPawn>
		<stackedEffectMultiplier>0.7</stackedEffectMultiplier>
		<stages>
			<li>
				<label>{0} apologized.</label>
				<baseOpinionOffset>3</baseOpinionOffset>
			</li>
		</stages>
	</ThoughtDef>

	<ThoughtDef>
		<defName>ApologizedToBig</defName>
		<thoughtClass>Thought_MemorySocial</thoughtClass>
		<durationDays>5</durationDays>
		<stackLimit>300</stackLimit>
		<stackLimitForSameOtherPawn>10</stackLimitForSameOtherPawn>
		<stackedEffectMultiplier>0.7</stackedEffectMultiplier>
		<stages>
			<li>
				<label>{0} gave a heartfelt apology.</label>
				<baseOpinionOffset>8</baseOpinionOffset>
			</li>
		</stages>
	</ThoughtDef>

	<ThoughtDef>
		<defName>HadLiesToldAboutMe</defName>
		<thoughtClass>Thought_MemorySocial</thoughtClass>
		<durationDays>10</durationDays>
		<stackLimit>300</stackLimit>
		<stackLimitForSameOtherPawn>10</stackLimitForSameOtherPawn>
		<stackedEffectMultiplier>0.7</stackedEffectMultiplier>
		<stages>
			<li>
				<label>{0} lied about me.</label>
				<baseOpinionOffset>-10</baseOpinionOffset>
			</li>
		</stages>
		<thoughtToMake>LiedAboutMood</thoughtToMake>
	</ThoughtDef>

	<ThoughtDef>
		<defName>LiedAboutMood</defName>
		<durationDays>1.5</durationDays>
		<stackLimit>5</stackLimit>
		<stackedEffectMultiplier>0.9</stackedEffectMultiplier>
		<stages>
			<li>
				<label>{0} told lies about me!</label>
				<description>I am outraged that someone would spread these awful rumors!</description>
				<baseMoodEffect>-3</baseMoodEffect>
			</li>
		</stages>
	</ThoughtDef>

	<ThoughtDef>
		<defName>EnjoyMakingPeace</defName>
		<durationDays>1.5</durationDays>
		<stackLimit>5</stackLimit>
		<stackedEffectMultiplier>0.9</stackedEffectMultiplier>
		<stages>
			<li>
				<label>ended a dispute.</label>
				<description>I'm so happy that I can help the others get along!</description>
				<baseMoodEffect>5</baseMoodEffect>
			</li>
		</stages>
	</ThoughtDef>
	
	<ThoughtDef>
		<defName>FriendsQuarrel</defName>
		<thoughtClass>Thought_MemorySocial</thoughtClass>
		<durationDays>30</durationDays>
		<stackLimit>300</stackLimit>
		<stackLimitForSameOtherPawn>5</stackLimitForSameOtherPawn>
		<stackedEffectMultiplier>0.4</stackedEffectMultiplier>
		<stages>
			<li>
				<label>holding a grudge</label>
				<baseOpinionOffset>-25</baseOpinionOffset>
			</li>
		</stages>
	</ThoughtDef>
  
</Defs>
